title,artist,estimated_year,spotify_track_id,isrc
Colors Of The Wind - End Title,Vanessa Williams,1995,4qjrCkcVbsYlitCqbBkeKe,USWD10110149
abcdefu,GAYLE,2023,0y1mX0LxNwSMRPXWutJOJu,USAT22103652
Leave (Get Out),JoJo,2004,3QigOeWryUCP56I1IlTB9x,USUYG1353158
Shallow - Radio Edit,"Lady Gaga, Bradley Cooper",2018,6QfS2wq5sSC1xAJCQsTSlj,USUM71815945
(We're Gonna) Rock Around The Clock,Bill Haley & His Comets,1955,1uRKT2LRANv4baowBWHfDS,USMC15486163
"Theme From New York, New York",Frank Sinatra,1980,3QksrtI9VFCBHWA4rgvcV8,USRH10801153
(Your Love Keeps Lifting Me) Higher & Higher,Jackie Wilson,1967,5qyq1H5OPMlfuvZQ1wQNo7,USBWC0010022
Sk8er Boi,Avril Lavigne,2002,00Mb3DuaIH1kjrwOku9CGU,USAR10200229
Knock You Down,"Keri Hilson, Kanye West, Ne-Yo",2009,3OWcWJz1c0pIc6L3IDDhpP,USUM70955396
Can't Stay Away from You,Gloria Estefan,1987,3RVFcKmgDFuYeYIdxBXK8K,USSM18700012
Sweet Child O' Mine,Guns N' Roses,1987,7o2CTH4ctstm8TNelqjb51,USGF18714809
A Thousand Miles,Vanessa Carlton,2002,4w1lzcaoZ1IC2K5TwjalRP,USIR10210955
Soul Man,Sam & Dave,1967,4eGHlplaq1ME8oetnTuFFf,USAT20001065
Leader Of The Pack,The Shangri-Las,1996,6O5PIO5pAWxdoxvaUFQ02G,USPR36402725
Stuck,Stacie Orrico,2003,2ptt0Eftq3b2jElTRrctrT,USFF10218231
Stickwitu,The Pussycat Dolls,2005,2lgz3yy1AyoceOVOOBmiOS,USUM70503127
Child in Time,Deep Purple,1990,21cp8L9Pei4AgysZVihjSv,GBDXG0600057
She Drives Me Crazy,Fine Young Cannibals,1988,4d6eqRtpDX7tydHJGDZUBQ,USRH10901907
Do You Know the Way to San Jose,Dionne Warwick,1968,1YIWYzMq84I46LmgX1vpye,USWSP0000033
For Your Eyes Only,Sheena Easton,1981,4jRJWlkCn3pAwezfqFODU3,USMG28100001
Snow (Hey Oh),Red Hot Chili Peppers,2006,2aibwv5hGXSgw7Yru8IYTO,USWB10601591
Old Town Road,Lil Nas X,2019,0F7FA14euOIX8KcbEturGH,USSM11901941
My Old Piano,Diana Ross,1980,4d4yVNYVwxrNsy5ukJ4QTJ,USMO18090043
Don't Stop Believin',Journey,1981,4bHsxqR3GMrXTxEPLuK5ue,USSM18100116
Stay With Me,Sam Smith,2014,5Nm9ERjJZ5oyfXZTECKmRt,GBUM71308833
Let's Dance - 2002 Remaster,David Bowie,1983,4cVHMHgmWgudD399ZdhQ3L,USJT10200038
Licence To Kill,Gladys Knight,1989,2ytwDkF0RLOi6qL2uJ2cQG,USMC18928828
La Bamba - Single Version,Ritchie Valens,1959,2aEeghgUcnu75tzcolFMfs,USRH10402003
What About Us,P!nk,2017,0Qh38w01QRXK6KHIv0e3hb,USRC11701586
Ring of Fire,Johnny Cash,1963,6YffUZJ2R06kyxyK6onezL,USSM11201688
All For You,Janet Jackson,2001,5X8kkUaUlAyAUr9TYqDFTH,USVI20100057
Royals,Lorde,2013,4SDWMFvYJKtK1QPhIOeZhd,NZUM71200031
Billie Jean,Michael Jackson,2008,5ChkMS8OtdzJeqyybCc9R5,USSM19902991
Africa,TOTO,1982,2374M0fQpWi3dLnB54qaLX,USSM19801941
Whole Lotta Shakin' Going On - Remastered 2022,Jerry Lee Lewis,2022,0cbFre6QguzhyLoBqhxr1z,USSE62200090
Tutti Frutti,Little Richard,1957,2iXcvnD3d1gfLBum0cE5Eg,USC4R1100478
Vienna,Ultravox,2020,2LXjhNee4iPRVemx9NSZQ3,GBAYK8000061
Hello,Lionel Richie,1983,6HMvJcdw6qLsyV1b5x29sa,USMO18390012
APT.,"ROSÉ, Bruno Mars",2024,5vNRhkKd0yEAg8suGBpjeY,USAT22409172
Die Young,Sheppard,2019,0XSTOKFdWPXlAEliq17XRw,AUIYA1900004
Hit 'Em Up Style (Oops!),Blu Cantrell,2001,4zYTZvtcww7OWKie7fxA9E,USAR10100372
Call Me Maybe,Carly Rae Jepsen,2012,20I6sIOMTCkB6w7ryavxtO,CAB391100615
No Woman No Cry,Bob Marley & The Wailers,1974,3PQLYVskjUeRmRIfECsL0X,GBAAN7490002
Slow Hands,Niall Horan,2017,2cOUlop2ZakjOKe4WinesN,USUG11700631
I'm Yours,Jason Mraz,2008,1EzrEOXmMH3G43AXT1y7pA,USEE10800667
Bridge Over Troubled Water,Simon & Garfunkel,1970,6l8EbYRtQMgKOyc1gcDHF9,USSM16900808
Ain't No Sunshine - Single Version,Bill Withers,1994,7kWaNdfYcumoC1cgFmhkSo,USSM17100268
"Hey, Soul Sister",Train,2010,4HlFJV71xXKIGcU3kRyttv,USSM10904113
Gangsta's Paradise,"Coolio, L.V.",1995,1DIXPcTDzTj8ZMHt3PDt8p,USTB10400128
Price Tag,"Jessie J, B.o.B",2011,2fTsFCKRFQ5M0igJgabnLA,USUM71029357
The Great Pretender,The Platters,1991,6Q2pkSKuM08SDOuAS5amQD,USPR39402506
Sweet Nothin's,Brenda Lee,1960,4ZiDhG5Ift5I6reAEOBBec,USMC15919970
Get Get Down,Paul Johnson,1999,4h4AEqy0iBbjdlbtWvIx5O,QMLA71300087
A Good Heart,Feargal Sharkey,1985,4umQbcdBF3YVsNBvvnFLiX,GBAAA8500024
Hurricane,Bob Dylan,1976,1lqMLr9Wj7SM2F9AikGcxN,USSM17500791
Jolene,Dolly Parton,1974,2SpEHTbUuebeLkgs9QB7Ue,USRN19600096
Come on over Baby (All I Want Is You) - Radio Version,Christina Aguilera,1999,7A0apkTSTvMbSI7yplcmlh,USRC10000532
Beautiful Girls,Sean Kingston,2007,1hGy2eLcmC8eKx7qr1tOqx,USSM10701781
Crush,Jennifer Paige,1998,6wAV49hRfOiCTHztORMy8Y,DEB349800301
Hero,Mariah Carey,1993,5mgCMlxQW7fmHbrdJuowbB,USSM19303171
Ein bisschen Frieden,Nicole,1992,7JZHsMxhcaRKug5kA0DmDE,DEC718200001
Fight For This Love,Cheryl,2009,33IQnmtJYjCcrvUUMQgi80,GBUM70911955
It Takes Two,"Marvin Gaye, Kim Weston",1966,0UERoCKd24PKovd4BwRzBQ,USMO16600484
Under the Boardwalk,The Drifters,1964,65jrjEhWfAvysKfnojk1i0,USAT20001017
Blueberry Hill,Fats Domino,1959,06PdA0DLgF4BfAeUNZAbFG,USEM38700119
Heartbreak Hotel,Elvis Presley,2002,2IfE8FhnPPEBSS4rL1qhBb,USRC10200074
My Baby Just Cares for Me - 2012 Re-Issue,Nina Simone,2022,3NJKI4cwlSBuTYNmDoRVb3,USAA49230046
Close To You,Maxi Priest,1990,33I3oS8UkebR3KRvqxD9X0,GBAAA9000061
Girl I'm Gonna Miss You,Milli Vanilli,2010,4vOo9fdrahQHyfdyE1J06w,DED169400021
Rich Girl,Daryl Hall & John Oates,1976,0qRR9d89hIS0MHRkQ0ejxX,USRC17607760
All Kinds of Everything,Dana,2015,3SJPRPwpF0MTFKPrshBeKM,uscgh1615055
King of My Castle,Wamdue Project,2009,5SIVWg2sHKAuHAXOelNS0m,AUXN20902454
Breakaway,Kelly Clarkson,2004,4PFAm88FBkY7IFtvCaGctZ,GBCTA0400230
Lily Was Here (feat. Candy Dulfer),"Dave Stewart, Candy Dulfer",1990,5HVqftYQ37bJx3y0SI4obk,GBARL8900064
Twist And Shout,The Isley Brothers,2005,7iFdUmdqT9XrsJdSGf9KrX,USACU0500314
"Don't Cry For Me Argentina - From ""Evita""","Julie Covington, Andrew Lloyd Webber, Tim Rice",2018,1OxDEvjPoQrNhZ5c3tTxSu,USMC10111984
Bleeding Love,Leona Lewis,2007,7wZUrN8oemZfsEd1CGkbXE,GBHMU0700049
Stand By Me,Ben E. King,1962,3SdTKo2uVsxFblQjpScoHy,USAT21402270
Lose Control,"MEDUZA, Becky Hill, Goodboys",2019,7CHi4DtfK4heMlQaudCuHK,DEUM71905792
Do That To Me One More Time,Captain & Tennille,1999,6713iRkhqG9dOF0JIfzAdo,USPR37900077
Master Blaster (Jammin'),Stevie Wonder,2002,3X2DWkLXNVGCMxB23Zeg7I,USUMG9900475
Someone Like You,Adele,2011,3bNv3VuUOKgrf5hu3YcuRo,GBBKS1000351
Ben - Single Version,Michael Jackson,1972,3vZMkLS1jP7NdNhzqGfUSW,USMO17282631
The Most Beautiful Girl In the World,Prince,1995,0aPaGIX2QIMAH5SMp0VEMe,USQX91801753
Papaoutai,Stromae,2013,53W8npbWVQo61IR8R88pra,BET671300160
Lullaby,The Cure,2001,09OpntwPHuNICsyEt1ETpE,GBALB0300002
Big Big World,Emilia,1998,5I4xjdu4DeKUNMiufzQLoA,SEBLM9808010
Only Girl (In The World),Rihanna,2010,0AH6WMe3OlAlUb5miXt2FQ,USUM71023200
Are You With Me,Lost Frequencies,2016,4255amV4enzl28KAn16rUO,NLF711403495
Imagine - Remastered 2010,John Lennon,1971,7pKfPomDEeI4TPT6EOYjn9,GBAYE1000769
The Twist,Chubby Checker,1962,6DSvUZQdqtNfkJI4cAiUsM,USI4R0502237
Dance Little Sister,Sananda Maitreya,1987,4o9Kj7onklt6xbYl3jVArp,GBBBN8700001
New Shoes,Paolo Nutini,2007,265Anh9hGoozFigjUVLUeD,GBAHS0600229
Still Got The Blues,Gary Moore,1994,5VsGMpbqdtvCY2G080KdcH,GBAAA9000111
Miles On It,"Marshmello, Kane Brown",2024,4pkb8SbRGeHAvdb87v9rpf,QZZVQ2400059
I WANNA BE YOUR SLAVE,Måneskin,2021,4pt5fDVTg5GhEvEtlz9dKk,ITB002100115
Womanizer,Britney Spears,2008,4fixebDZAVToLbUCuEloa2,USJI10800838
Island In The Sun,Harry Belafonte,2005,0dRcFOOCdwbEMFLeibJhxV,USRC19901761
No Time To Die,Billie Eilish,2021,527BVezmvYjbc4JlVJW4Xj,USUM72002771
(What A) Wonderful World - Mono,Sam Cooke,1960,2G0GextMwZJLkNxcSZ7ZJ3,USA171920056
When I Get You Alone,Robin Thicke,2002,1jzWQHcMT8rxvgUjUiqGIH,USIR10210894
Blank Space,Taylor Swift,2014,1u8c2t2Cy7UBoG4ArRcF5g,USCJY1431309
Love Is In The Air,John Paul Young,1989,38GqIQ4RVkat91RnQrLJYP,AUAP07800004
Insomnia,Faithless,2008,3XTefle3zvDkjgS1Fiq14A,GBBXH0300055
Whistle,Flo Rida,2012,3bC1ahPIYt1btJzSSEyyrF,USAT21201745
Year of the Cat,Al Stewart,2003,2NQhQlcVAcDRN3jf6FDTlm,GB01A0600657
Surfin' U.S.A. (Mono),The Beach Boys,1963,2dbaIpJoAk2hhrrX2ljKJo,USCA21201943
More Than You Know,"Axwell /\ Ingrosso, Axwell, Sebastian Ingrosso",2017,6h5PAsRni4IRlxWr6uDPTP,GBUM71701735
Smoke on the Water,Deep Purple,1990,0XHWClSz0v6RIaRSGqJH3X,GBDXG0600239
Angel Of Mine,Frank Duval,2001,6R4pFpZdnsUCQDPFM33cn5,DEEG22091375
"De Do Do Do, De Da Da Da",The Police,1980,0yJvWbn8xQKiDZ84VN5lQG,GBAAM0201154
Without You,Harry Nilsson,1971,6MrILERJLA3Jcq0E9poZsp,USRC17101019
You Are The Sunshine Of My Life,Stevie Wonder,1972,0n2pjCIMKwHSXoYfEbYMfX,USMO17282852
If You're Not The One,Daniel Bedingfield,2002,6B6aCxSBsECsulzOkJRxGv,GBAKW0201297
Happy Ending,MIKA,2007,0TzbmxnYrlMV6dEln2l9nb,USC7R0600016
Would I Lie To You?,Charles & Eddie,1992,3PkvYP6223QO3xlW2THd1x,USCA29200183
Layla,Derek & The Dominos,2023,3b1L5YvC0jtVtVwZJGpxIh,GBA077025030
El Mismo Sol - Radio Edit,"Alvaro Soler, Nils Faller",2015,78Ao7RI6XcqQLVA4UaFv8d,DEUM71500557
Buona sera,"Louis Prima, Louis Prima Sextet",2018,57RGKNBUbfIBqMFEfE8CxK,DEL111800936
Livin' On A Prayer,Bon Jovi,1986,37ZJ0p5Jm13JPevGcx4SkF,USPR38619998
Clint Eastwood,"Gorillaz, Del The Funky Homosapien",2001,1RKUoGiLEbcXN4GY4spQDx,GBAYE0001408
C’Mon Everybody,Eddie Cochran,1960,7ItZM6DMZE2m1X7yIaRxjq,USEM38800158
Rock Wit U (Awww Baby),Ashanti,2003,6pWzCKTrKrwbUPzY8RLCoP,USDJ20300415
Millennium,Robbie Williams,1998,1nrackcWUBo87xecPgry2G,GBAYK9800003
Lean On,"Major Lazer, DJ Snake, MØ",2015,2YWjW3wwQIBLNhxWKBQd16,QMUY41500008
All The Small Things,blink-182,1999,2m1hi0nfMR9vdGC8UcrnwU,USMC19959123
Cooler Than Me - Single Mix,"Mike Posner, Gigamesh",2010,34GmTxmlK3TGlmqYCbcQKT,USJAY1000035
Grenade,Bruno Mars,2010,4lLtanYk6tkMvooU0tWzG8,USAT21001883
Top Of The World,Carpenters,1972,1Ehdm1PDlKrdfyBsjwEvd1,USAM17200071
Year 3000,Busted,2002,0zjB7ewBWnMgQDMQpFzt92,GBAAN0201145
It's Raining Again,Supertramp,1982,2bzBI23EJWHjXmGj3xlYaM,USAM19500635
Forget Me,Lewis Capaldi,2023,3iHzKA9HlXf5wsGdsrsnSA,DEUM72204717
There's Nothing Holdin' Me Back,Shawn Mendes,2017,7JJmb5XwzOO8jgpou264Ml,USUM71702833
Doin' It,"LL COOL J, Leshaun",1995,4WMBl2wiGUSGa5C7tfQEAo,USDJ29500149
One,U2,1991,3G69vJMWsX6ZohTykad2AU,GBUM71106457
I Got You (I Feel Good),James Brown & The Famous Flames,1966,5haXbSJqjjM0TCJ5XkfEaC,USF066625050
Stick Season,Noah Kahan,2022,0mflMxspEfB0VbI1kyLiAv,USUM72212470
How Do I Live,LeAnn Rimes,2003,7BD50ATrF3Vab5FQy7vtK8,USCRB9700025
Wellerman - Sea Shanty / 220 KID x Billen Ted Remix,"Nathan Evans, 220 KID",2021,3iw6V4LH7yPj1ESORX9RIN,GBUM72100298
Mississippi,Pussycat,1976,3tP0kdmWRSqmJAt4nR3ykw,NLA277500082
Dancing On The Ceiling,Lionel Richie,1986,0snPJPxkk0MbTc0xeUvAPt,USMO18682745
Paint The Town Red,Doja Cat,2023,2IGMVunIBsBLtEQyoI1Mu7,USRC12300907
Patricia,Pérez Prado,1958,1BbZJplex0pifLjhuhoaK5,MXF019900875
Stand By Your Man,Tammy Wynette,1992,6xatfNMI8NkY5XxRHAeiS4,USSM16800038
"Get Up, Stand Up",Bob Marley & The Wailers,1973,5MVW8uIuNuL7CQ0RyyogHI,GBAAN0400796
Who's Johnny,El DeBarge,1986,02RbmzVSbkxJVIqMNx47uY,USMO18600259
As Long as You Love Me,Backstreet Boys,1997,3UpS7kBnkVQYG13pDDFTC4,USJI19710094
Suzanne,Leonard Cohen,1967,2L93TdW2GMue1H2zlkt30F,USSM16701039
Girls Just Want to Have Fun,Cyndi Lauper,1983,4y1LsJpmMti1PfRQV9AWWe,USSM18300548
Goodnight Saigon,Billy Joel,1985,0ZWYwiWvH6fjRo2ie519Sj,USSM18100396
Some Say,Nea,2019,4poybupy26pTWPr9zY1i7h,SEBGA1902650
Can't Buy Me Love,The Beatles Greatest Hits Performed By The Frank Berman Band,2010,6w0ZI7XTlUq9fsrNLxfjNX,TCAAT1038318
Heart Of Glass,Blondie,2006,41AE8ODX2JETBCa6muhSLY,USCH37900017
Live While We're Young,One Direction,2012,6Vh03bkEfXqekWp7Y1UBRb,GBHMU1200210
The A Team,Ed Sheeran,2011,1VdZ0vKfR5jneCmWIUAMxK,GBAHS1100095
MMMBop,Hanson,2005,1reVP49LT6RsV6kYY9lTZz,USMR19786791
you broke me first,Tate McRae,2021,4l0RmWt52FxpVxMNni6i63,USRC12000832
This Is Not America (with The Pat Metheny Group) - 2014 Remaster,"David Bowie, Pat Metheny Group",2014,3swiDsJoKHqkmd1Ty0eQ9o,USJT11400020
Gasolina,Daddy Yankee,2004,228BxWXUYQPJrJYHDLOHkj,QM6N21759342
Everywhere,Michelle Branch,2001,1u0l8zWpQeMYStFkc2mLD7,USMV20100080
True - 2003 Remaster,Spandau Ballet,1983,10I09MLZCY4pK37XxAfkw0,GBAYK0200008
Candy Shop,"50 Cent, Olivia",2005,5D2mYZuzcgjpchVY1pmTPh,USIR10500072
Suddenly I See,KT Tunstall,2005,5p9XWUdvbUzmPCukOmwoU3,GBGLM0400069
The Way It Is,Bruce Hornsby and the Range,1986,6V50MyHPGhEmwYu0Wdyf0t,USRC18507944
Rise,"Jonas Blue, Jack & Jack",2018,5ZSl6gDoV6bPPxzmLeneV9,GBUM71802109
PILLOWTALK,ZAYN,2016,0PDUDa38GO8lMxLCRc4lL1,USRC11600042
Don't Let Go (Love),En Vogue,1997,06TuMCjDEYjTOJScCRzmjf,USEW19605702
Tsunami - Radio Edit,"DVBBS, Borgeous",2013,04bQwUsZXNj8iFPg67orvF,NLWV71300031
Dilemma (feat. Kelly Rowland),"Nelly, Kelly Rowland",2002,14MgTooapmJdLlEMAr2zAM,USSM10211190
Rapper's Delight,The Sugarhill Gang,2010,2XbwFs07dfm2MGQuYmRMZT,GBUM71021600
A Boy Named Sue,Johnny Cash,2011,6lVmMpWAYOoRVOYxrkD0Qh,USA371582279
Torn,Natalie Imbruglia,1997,1Jaah2tmN9Hv81A87KZ1MU,GBARL9700412
Cupid's Chokehold / Breakfast in America - Radio Mix,Gym Class Heroes,2007,6ajyEEzWZbw8ycDcJAN099,USAT20621892
Lonely,Akon,2005,4v7DCN09hgXkKazefkznDQ,USUR10400235
"Take Me Home, Country Roads - Original Version",John Denver,1971,1YYhDizHx7PnDhAhko6cDS,USRC11100481
Burn,Ellie Goulding,2014,2GgxS8bUT5G25QJTsfSv0R,GBUM71303482
Believe,Cher,1998,2goLsvvODILDzeeiT4dAoR,GBAHT9803002
Untitled (How Does It Feel),D'Angelo,2000,4oPNN7syJYSjzDhRerF966,USVI29900212
Tonight,New Kids On The Block,1990,2QqbBVwpyJn7SL7thga35w,USSM19917888
Run,OneRepublic,2021,2UbVnbE5FH6008mAm6Mmgw,USUM72004315
Holding Back the Years - 2008 Remaster,Simply Red,1985,1yg7fwwYmx9DQ2TdXUmfpJ,GBCRL0800119
All Good Things (Come To An End),Nelly Furtado,2006,6kEpjptnAwt11Atr4cEMe1,USUM70603372
You Make Me Feel (Mighty Real),Sylvester,1978,0RnCUYXa7jhgTXtiMXF2PQ,USC4R2002968
Airplanes (feat. Hayley Williams of Paramore),"B.o.B, Hayley Williams",2010,1QnvpPFP4Q3FHbDchqWiWy,USAT21000477
She Wants To Move,N.E.R.D,2004,4Vqd7MuPVrciqRS3EzhKWb,USVI20400016
When Doves Cry,Prince,1984,6sby78fghipoXHQLeeZFFH,USWB10001877
Hey There Delilah,Plain White T's,2005,4RCWB3V8V0dignt99LZ8vH,US5260507213
"thank u, next",Ariana Grande,2019,3e9HZxeyfWwjeyPAMmWSSQ,USUM71819361
I Won't Give Up,Jason Mraz,2012,53QF56cjZA9RTuuMZDrSA6,USEE11100768
Sleeping Satellite,Tasmin Archer,1992,3WSyYBhLZRLbQo2tJgFvSR,GBAYE9200052
greedy,Tate McRae,2023,3rUGC1vUpkDG9CZFHMur1t,USRC12301932
Blue Bayou,Roy Orbison,1963,26p6GNIQfv9koDVD4rTouu,USSM19805297
That's Amore,Dean Martin,2009,6GYqOflskcZxPj8rkTZkOy,USCA20100849
Stargazing,Myles Smith,2024,3Vr3zh0r7ALn8VLqCiRR10,GBARL2400510
Viva La Vida,Coldplay,2008,1mea3bSkSGXuIRvnydlB5b,GBAYE0800265
Sweet Dreams (Are Made of This),"Eurythmics, Annie Lennox, Dave Stewart",1991,6zIfdCmmhPCX0cMquBsC37,GBARL8300027
Don't Stop The Music,Yarbrough & Peoples,2001,3Ik70XpNvyJ3wV3dxPw90w,USPR38009154
Angel,"Shaggy, Rayvon",2000,7FDV5ELOJHCGLe52AnttEd,USMC19989405
"All For Love - From ""The Three Musketeers"" Soundtrack","Bryan Adams, Sting, Rod Stewart",2020,73141J8lIcoG8hw3IJVIpi,USAM19910000
One Day I'll Fly Away,Randy Crawford,2018,53tPmr0FCq9hDWnBTUCa0d,USWB10000728
All I Wanna Do Is Make Love To You,Heart,1990,5YjKdeES9QRJ8NmF4Xc8pV,USCA29000284
Green Green Grass,George Ezra,2022,4N5s8lPTsjI9EGP7K4SXzB,GBARL2200008
I'm Good (Blue),"David Guetta, Bebe Rexha",2022,4uUG5RXrOk84mYEfFvj3cK,UKWLG2200055
Don't Go Breaking My Heart,"Elton John, Kiki Dee",1975,7HW5WIw7ZgZORCzUxv5gW5,GBALX7600007
Stumblin' In,"Chris Norman, Suzi Quatro",2021,0ctgmKdlPY8xx41wY339Da,DEA817800048
Have You Ever Seen The Rain,Creedence Clearwater Revival,1970,2LawezPeJhN4AWuSB0GtAU,USC4R0817643
Ironic,Alanis Morissette,1995,4oGTdOClZUxcM2H3UmXlwL,USMV29400003
7 Days,Craig David,2000,0gPQTLaqHDgdupKEok7J2x,GBAWV9902019
September,"Earth, Wind & Fire",1978,2grjqo0Frpf2okIBiifQKs,USSM17800845
I'm Too Sexy,Right Said Fred,1992,2WElktskrNJEwgpp5Vouxk,GBBRL9290469
I Have Nothing,Whitney Houston,1992,31er9IGsfFbwqy1pH4aiTP,USAR10300965
Feel What You Want,Kristine W,2009,7J9pHOGy2F7KwIXAvqFB0p,GBBXG9720005
Beautiful Things,Benson Boone,2024,6tNQ70jh4OwmPGpYy6R2o9,USWB12307016
Jenny from the Block (feat. Jadakiss & Styles P.) - Track Masters Remix,"Jennifer Lopez, Jadakiss, Styles P",2002,7LqjznQwfrax7MjQXmxqdQ,USSM10212454
Piano Man,Billy Joel,1973,78WVLOP9pN0G3gRLFy1rAa,USSM17300504
Easy Lover,"Philip Bailey, Phil Collins",1985,7INi4pMPG4IE0Smx5y4KVf,USSM19909991
If You Could Read My Mind,Gordon Lightfoot,1970,57ct8jKi6trntXiRV0NnXi,USRE19900467
Our House,Madness,1982,0C3Q3ifKJXdvfzNISw6JXK,GB7GZ1000033
('Til) I Kissed You,The Everly Brothers,1960,2ltpYs0O8uNesHFgGHg0bt,USZZM0710080
How 'Bout Us,Champaign,1981,1jc24HfkDT31GLKlxesuZl,USSM19801711
"Sugar, Sugar",The Archies,2007,3iSws76HjaU7k49EqJVTfF,NLG620400826
Friday I'm In Love,The Cure,1992,4QlzkaRHtU8gAdwqjWmO8n,GBALB9200002
Under the Bridge,Red Hot Chili Peppers,1991,3d9DChrdc6BOeFsbrZ3Is0,USWB19901576
Firework,Katy Perry,2010,1mXuMM6zjPgjL4asbBsgnt,USCA21001262
Sugar Baby Love,The Rubettes,1990,294ii3rwz6bTJ2XMn5BDu0,GBAKW7400099
Apologize,"Timbaland, OneRepublic",2007,6ucR4KfvsBFWCMVFDvyKKl,USUM70722793
Never Ever,All Saints,1997,7ziHnshbknkpFLDW5yGBjO,GBAAP9700206
All My Life - Radio Edit,K-Ci & JoJo,2006,2194qvQmG0I2yFuSKdDdi4,USMC19757330
I Want To Break Free,Queen,2018,7iAqvWLgZzXvH38lA06QZg,GBUM71805978
Livin' la Vida Loca,Ricky Martin,1999,0Ph6L4l8dYUuXFmb71Ajnd,NLB639920005
Drill Instructor - Short Mix,Captain Jack,1996,4ypMF4LbWGUbnamCqJc5RO,DED710506021
Need You Now,Lady A,2010,7GAaTpSoTWUTbP2Yxlt4Hd,USCN10900695
No Air (feat. Chris Brown),"Jordin Sparks, Chris Brown",2007,1jUA4rb6ZCv4gby4YU53xq,GBCTA0700277
Be-Bop-A-Lula,"Gene Vincent & His Blue Caps, Gene Vincent",1996,0TMrV95mP7sDlvbE4iVfKP,USCA28800076
Save Your Kisses for Me,Brotherhood of Man,2013,5OhwfIapBiHdIkxscQAcmq,ES64A1056506
Austin (Boots Stop Workin'),Dasha,2024,2uqYupMHANxnwgeiXTZXzd,QZTB92360479
Unforgettable,Nat King Cole,1954,648TTtYB0bH0P8Hfy0FmkL,USCA25100005
Power to All Our Friends,Cliff Richard,1989,4oJxJpFIGUHlX6limr6rH1,GBAYE7300049
On My Own,"Patti LaBelle, Michael McDonald",1986,5HrVgmO1govSOrPUehW1VV,USMC18618950
Material Girl,Madonna,2009,22sLuJYcvZOSoLLRYev1s5,USWB10903617
The Sweet Escape,"Gwen Stefani, Akon",2006,07K4GcCDSTiXUF5ssyTRUM,USUM70618684
Chemical,Post Malone,2023,5w40ZYhbBMAlHYNDaVJIUu,USUM72305205
When I Come Around,Green Day,1994,1Dr1fXbc2IxaK1Mu8P8Khz,USRE19900154
First Time,Robin Beck,2007,1FQ0ecMZMI3ArhcJQPROFP,GBF088800002
We Are Family - 1995 Remaster,Sister Sledge,1979,5IKLwqBQG6KU6MP2zP80Nu,USAT20102166
My Friend The Wind,Demis Roussos,2016,3QPbpts7SUadpe02WjdLPH,FRZ037300130
Pump Up The Jam,Technotronic,1989,21qnJAMtzC6S5SESuqQLEK,BED018901375
Lose Control,Teddy Swims,2023,17phhZDn6oGtzMe56NuWvj,USWB12302315
"December, 1963 (Oh What a Night!)",The Four Seasons,1975,1hQFF33xi8ruavZNyovtUN,USRH10175221
Pompeii,Bastille,2013,6fNhZRFEkBfgW39W3wKARJ,GBAAA1200795
Pony,Ginuwine,1999,6mz1fBdKATx6qP4oP1I65G,USSM19605851
ABC,The Jackson 5,2022,4u7ZqpIkq2sDdQD22JOFLZ,USMO17082628
THATS WHAT I WANT,Lil Nas X,2021,0e8nrvls4Qqv5Rfa2UhqmO,USSM12105732
DJ Got Us Fallin' In Love (feat. Pitbull),"USHER, Pitbull",2010,4356Typ82hUiFAynbLYbPn,USLF21000041
Killing Me Softly With His Song,"Fugees, Ms. Lauryn Hill",1996,0Q0IVlqMV64kNLlwjPj0Hl,USSM19600055
Release Me,Agnes,2008,4LiJE6pqgsTX3FtukW6bNh,DKBV70806405
King Of The Road,Roger Miller,1965,3XG7bMVcMWLIn2k9jLAaAt,USPR36407083
A Brand New Day (Everybody Rejoice),Diana Ross,2015,4BycBftNAIjZQr0smhqDBy,USUM71517775
Chandelier,Sia,2014,4VrWlk8IQxevMvERoX08iC,USRC11400498
Houdini,Dua Lipa,2024,6D8y7Bck8h11byRY88Pt2z,GBAHT2301246
Enemy (with JID) - from the series Arcane League of Legends,"Imagine Dragons, JID, Arcane, League of Legends",2021,1r9xUipOqoNwggBpENDsvJ,USUM72119916
He Wasn't Man Enough - Radio Edit,Toni Braxton,2003,3CBgnToo7AtvvgdxiVvUz6,USLF20000048
Losing My Religion,R.E.M.,1991,31AOj9sFz2gM0O3hMARRBx,USC4R1605373
Brown Sugar,The Rolling Stones,1971,34K7nU8EWQIRI93RfqhdRJ,USA177110010
Crazy About Her,Rod Stewart,2015,3aJlgysR26p6rToB9zBi69,USWB19903456
Running In The Family,Level 42,2016,4R4JeB3NRZbCLM1mlq1WjB,GBAKW8701001
Vogue,Madonna,2009,27QvYgBk0CHOVHthWnkuWt,USWB10903600
Kings & Queens,Ava Max,2020,7a53HqqArd4b9NF4XAmlbI,USAT21906943
Oops!...I Did It Again,Britney Spears,2000,6naxalmIoLFWR0siv8dnQQ,USJI10000100
In the Ghetto,Elvis Presley,1969,7KWoeBqSdZHEloYKVxssfG,USRC16906016
My Girl,The Temptations,1965,745H5CctFr12Mo7cqa1BMH,USMO16490001
So What,P!nk,2008,0JiY190vktuhSGN6aqJdrt,USLF20800067
vampire,Olivia Rodrigo,2023,1kuGVB7EU95pJObxwvfwKS,USUG12304091
"Shame, Shame, Shame - 7 inch Version",Shirley & Company,1975,0fYXsPPFHXY5GeTLuMYbQK,GBAJE0501052
"Yeh, Yeh",Georgie Fame & The Blue Flames,1980,1PYpdnXFzFO4VM5K8G4PCu,NLF056590002
(I Can't Get No) Satisfaction - Mono,The Rolling Stones,2004,1b6AW6uDrtrUN0Y6GJR45j,USA176510160
Paparazzi,Lady Gaga,2008,02XnQdf7sipaKBBHixz3Zp,USUM70824408
Your Song,Rita Ora,2018,46xkXPGjR9Ig9BcaTUNus3,GBAHT1700323
Two Tribes,Frankie Goes To Hollywood,1984,5NN5MQyE3Lo91zAEHpGa7S,GBAHW9900024
Despacito,"Luis Fonsi, Daddy Yankee",2019,6habFhsOp2NvshLv26DqMb,USUM71607007
Band On The Run - 2010 Remaster,"Paul McCartney, Wings",1973,1H4idkmruFoJBg1DvUv2tY,GBCCS1000004
Highway to Hell,AC/DC,1979,2zYzyRzz6pRmhPzyfMEC8s,AUAP07900028
Next To Me,Emeli Sandé,2012,3vjQt1znaFEnX3PBXsgtVc,GBAAA1200003
"Men In Black - From ""Men In Black"" Soundtrack",Will Smith,1997,3Dq2FHZ73hBUG815MoapQu,USSM19700762
The Show Must Go On - Remastered 2011,Queen,1991,7ofV2J7Ndzo2s5NBEgfpxl,GBUM71029636
Lean on Me,Bill Withers,1994,5zCJvrT3C7cIfHsR5iG95l,USSM17200084
Put Your Records On,Corinne Bailey Rae,2006,2nGFzvICaeEWjIrBrL2RAx,GBAYE0501671
Stop,"Sam Brown, Pete Brown",1988,1QQiyD0aFC9h0UrNBdm1yX,GBAAM8800004
Heaven,Bryan Adams,1984,7Ewz6bJ97vUqk5HdkvguFQ,USAM18490004
Message In A Bottle,The Police,1979,1oYYd2gnWZYrt89EBXdFiO,GBAAM0201170
Showing Out (Get Fresh At the Weekend) [7''Version],Mel & Kim,1991,1eZYPl1jqsPG2IeVenCIwb,GBAYE8600070
Youngblood,5 Seconds of Summer,2018,2iUXsYOEPhVqEBwsqP70rE,GBUM71800366
It Ain't Over 'Til It's Over,Lenny Kravitz,1991,6VnpKLtfNH4Dk09YSGPSyR,USVI29100003
Haven't Met You Yet,Michael Bublé,2009,4fIWvT19w9PR0VVBuPYpWA,USRE10901437
Cotton Eye Joe,Rednex,1994,06hsdMbBxWGqBO0TV0Zrkf,DEA319600881
Tonight Tonight,Hot Chelle Rae,2011,2i0AUcEnsDm3dsqLrFWUCq,USJI11100019
Watermelon Sugar,Harry Styles,2019,6UelLqGlWMcVH1E5c4H7lY,USSM11912587
Tick Tock (feat. 24kGoldn),"Clean Bandit, Mabel, 24kGoldn",2020,27u7t9d7ZQoyjsCROHuZJ3,GBAHS2000775
I Only Wanna Be with You,Bay City Rollers,1976,3XY0oIVf2roUFIwkzjBgwt,USAR17600112
Mirrors - Radio Edit,Justin Timberlake,2013,6ToFxXRBtl5TJFEyIoYK3f,USRC11300246
Don't Worry Be Happy,Bobby McFerrin,1997,5YbgcwHjQhdT1BYQ4rxWlD,USEM38800361
"I'll Be There for You (Theme from ""Friends')",The Rembrandts,1995,1lfjTOtTRUDkzcmahA4lcs,USEE10900777
Ghetto Supastar (That is What You Are) (feat. Ol' Dirty Bastard & Mýa),"Pras, Ol' Dirty Bastard, Mýa",1998,31bf9SEOppLU6lQ85d8om6,USSM19803488
Starships,Nicki Minaj,2012,2EBCVPNAG46nbgs6jXPGvv,USCM51200060
Fallin',Alicia Keys,2001,3unsLiH5FXmaDWtT5Imolu,USJAY0100057
Cryin',Aerosmith,1993,4t1fWWJQs5V9YErfsrDslC,USIR10000430
Sugar (feat. Francesco Yates),"Robin Schulz, Francesco Yates",2015,5tf1VVWniHgryyumXyJM7w,DEA621501057
"Monday, Monday - Single Version",The Mamas & The Papas,1966,3EFb1qDgIqf9MegIryKtDj,USMC16546367
Come Undone,Duran Duran,1993,0yfNXxlyXdmP0ue1iJijx1,GBAYE9300072
Miracle (with Ellie Goulding),"Calvin Harris, Ellie Goulding",2023,5eTaQYBE1yrActixMAeLcZ,GBARL2300300
Hips Don't Lie (feat. Wyclef Jean),"Shakira, Wyclef Jean",2005,3ZFTkvIE7kyPt6Nu3PEa7V,USSM10600677
When a Man Loves a Woman - Mono,Percy Sledge,1966,2mTiKaGdMPA4wfOGGUroE5,USAT21403476
Who Let The Dogs Out,Baha Men,2000,1H5tvpoApNDxvxDexoaAUo,USSC90000001
The Edge of Heaven,Wham!,1986,5AhRNIjYPBleR1lfHphcrE,GBBBN0009290
Sylvia's Mother,Dr. Hook,1972,4hLk7Bjz1XJWNDiqovvgBW,USSM10105635
(Don't Fear) The Reaper,Blue Öyster Cult,1976,5QTxFnGygVM4jFQiBovmRo,USSM17600477
Hit Me with Your Rhythm Stick,"Ian Dury, The Blockheads",1987,6PbJ1H3yLkRLrQRsRbQOso,GBAFR7910095
She's Not There,Santana,1977,44JITu0xanJn3TLMQZJw0G,USSM19902764
Thrift Shop (feat. Wanz),"Macklemore & Ryan Lewis, Macklemore, Ryan Lewis, Wanz",2012,7bYZBVrnRfqeaPbhRyEvK3,GMM881200003
Samson And Delilah,Middle Of The Road,1989,4FUNMAuSJbxKI6vnpWtajt,ITB007100335
The Real Slim Shady,Eminem,2000,3yfqSUWxFvZELEM4PmlwIR,USIR10000448
Thank You For The Music,ABBA,1977,08GOw3NsrJ0LsCCeyqzt3b,SEAYD7702080
Circle of Life,Elton John,2011,5LFzj73ZwSep0377OQj4bp,USWD10110145
Heart-Shaped Box,Nirvana,1993,11LmqTE2naFULdEP94AUBa,USGF19960703
Sugar Me,Lynsey De Paul,1973,2PlI7o2iEjMytXSVPPiKbl,GBEHT0600022
Pretty Fly (For A White Guy),The Offspring,1998,3SFXsFpeGmBTtQvKiwYMDA,USSM19804199
Ex's & Oh's,Elle King,2015,70eDxAyAraNTiD6lx2ZEnH,USRC11401950
What Goes Around...Comes Around - Radio Edit,Justin Timberlake,2006,0R03f3Axt495bkgGhivLEe,USJI10601102
Boulevard of Broken Dreams,Green Day,2004,1hwJKpe0BPUsq6UUrwBWTw,USRE10401426
I'm Alive,Céline Dion,2002,3qjXFLKMp4zfMmugEGPaBx,CAC220200007
All By Myself,Eric Carmen,1975,0AQqrtK1pULuwZUXhwaaDz,USAR10400530
Goodnight Girl,Wet Wet Wet,1992,7GZim9NjDWBBzSOIqSd0Hp,GBF089190051
"Non, je ne regrette rien",Édith Piaf,1991,3dkIE8P7hvl3tHl9KSb6dA,FRZ116000530
Work from Home (feat. Ty Dolla $ign),"Fifth Harmony, Ty Dolla $ign",2016,4tCtwWceOPWzenK2HAIJSb,USSM11600251
Private Dancer - Single Edit,Tina Turner,1991,623ZeL2lWuz5v03TVkRBZa,USCA29101021
Photograph,Nickelback,2005,3hb2ScEVkGchcAQqrPLP0R,NLA320581256
I've Seen That Face Before (Libertango),Grace Jones,1981,4QHfFzsVXbLewUmI2UMel5,USIR28100272
I Won't Let You Down,Ph.D.,2012,4Puh2M4qWDAY5qYMdIYic1,GBULZ1100553
You're The One That I Want - From “Grease”,"John Travolta, Olivia Newton-John",1978,0B9x2BRHqj3Qer7biM3pU3,NLF057890004
I Know You Want Me (Calle Ocho),Pitbull,2009,5RzFJd6W40SDTyZkX6xx45,USJAY0900144
Two Can Play That Game,Bobby Brown,1992,3gIwZZv9V6tgtwCcCkw6Z6,USMC19938596
About Damn Time,Lizzo,2022,1PckUlxKqWQs3RlWXVBLw3,USAT22202139
Nights In White Satin,The Moody Blues,2017,5w1ingzqrsJka9nlnEFB64,GBA176700080
Avalon,Roxy Music,1982,7iWIdiJlKvJ4PjFYVrWLUU,GBAAA9900094
"When the Going Gets Tough, The Tough Get Going",Billy Ocean,2010,5UU5FbITNm5OunvHQdsKME,GBAHK9700110
Pon de Replay,Rihanna,2005,4TsmezEQVSZNNPv5RJ65Ov,USIR20500331
The Boy Does Nothing,Alesha Dixon,2008,4BbxSTDqfnX76DtwZLHuJb,GBAHS0800416
I Wanna Be the Only One (feat. Bebe Winans),"Eternal, Bebe Winans",1997,0XvOoNb9zZOwFIOM0mwbiq,GBAYE9701337
Little Bit of Love,Tom Grennan,2021,2sX7lJXsOYGP1Us6CqM9t1,GBARL2001197
Hypnotized,"Purple Disco Machine, Sophie and the Giants",2020,0vWUhCPxpJOJR5urYbZypB,AUDCB1701555
Big Girls Don't Cry (Personal),Fergie,2006,6dgWWAs5yhWPOtvE1zuoQ1,USUM70609115
Animals,Martin Garrix,2013,0A9mHc7oYUoCECqByV8cQR,NLZ541300467
Look What You Made Me Do,Taylor Swift,2017,1P17dC1amhFzptugyAO7Il,USCJY1750000
Hands Up - Single Version,Ottawan,1980,5xQr5TxQ77siaKfuyiJbT0,FR58F8100190
Babe,Take That,1993,3jGTua1brraVUrUOioMqLS,GBARL9300072
We Are The World,U.S.A. For Africa,1985,3Z2tPWiNiIpg8UMMoowHIk,US25T8511672
Take Good Care Of My Baby,Bobby Vee,1962,06JokgprGDKrtZ1eP6z2CQ,USEM38700047
Dreams,Fleetwood Mac,1988,1lbXEepatjRVjoG8pZMtdp,USWB19900178
"Alone, Pt. II","Alan Walker, Ava Max",2019,0bMbDctzMmTyK2j74j3nF3,NOG841907010
Vaya Con Dios,"Les Paul, Mary Ford",2005,359CiGkSa8dE8vsqd67IWL,USCA25300088
Bailamos,Enrique Iglesias,1999,2bbeNsFmjZqdoDhjLsKNWe,USIR19915208
Lay Back in the Arms of Someone,Smokie,1977,1r9QBciQVM1BnW72cQUA4R,DEA817700019
The Reflex,Duran Duran,1998,0OsWMTxDjtpmJjX43113oq,GBAYE8300145
Summertime Sadness,Lana Del Rey,2012,7sZUHAC6nadme4EwrLe99Q,GBUM71111565
Après toi,Vicky Leandros,2012,1HLegA4MSL8HYheQaZLefi,FRZ037201700
A Guy Is a Guy,Doris Day,1999,1lZSR5NKeNGuCPSTNL7BhW,USSM15200151
I'm On Fire,Bruce Springsteen,1984,3PzsbWSQdLCKDLxn7YZfkM,USSM18400411
Jeanny,Falco,1999,5T0FdfvcOuzsRsQhcbWAH8,ATB158500019
Funny Funny,Sweet,1971,6vRDTaPLjpDAwj4ETixyeX,GBARL7100003
One Call Away,Charlie Puth,2016,37R0bQOQj5a7DOqh1TGzvB,USAT21502703
Be My Lover,La Bouche,2003,3vSn1frPgFcRXrjWOfhMLl,DED160200012
Boom Clap,Charli xcx,2014,7982sGZuvo5OXsY6REzgIn,GBAHS1400160
Tell It to My Heart,Taylor Dayne,1988,3YVPpVJvJG2EauXurPA90F,USAR18700173
Don't Go Yet,Camila Cabello,2021,1058fW9H3fZA6QjYCdOBad,USSM12104771
SOS,"Avicii, Aloe Blacc",2019,0n2nEtLP3OzDdi12ziIekx,SE5R71900201
Jessie,Joshua Kadison,1993,4n8iSiSWRdaSeSpJMbdk9O,USCA29301599
Jesus He Knows Me - 2007 Remaster,Genesis,1991,0YN4BbP8czMk6QiL62qnWT,GBAAA0700777
Tears in Heaven,Eric Clapton,1992,1kgdslQYmeTR4thk9whoRw,USRE19100010
What Do You Mean?,Justin Bieber,2015,4B0JvthVoAAuygILe3n4Bs,USUM71511919
"How Come, How Long (feat. Stevie Wonder)","Babyface, Stevie Wonder",1996,6kTakcO9wwXh8tEqmJSV8h,USSM19602994
Irreplaceable,Beyoncé,2007,6RX5iL93VZ5fKmyvNXvF1r,USSM10603620
Toosie Slide,Drake,2020,1d2eMMrAuIsw85u3YklKoc,USUG12001282
Sunrise,Simply Red,2012,37mk7t1x4VmKmmqgRU8E2w,GBFQH0300001
Are You Gonna Go My Way,Lenny Kravitz,1993,45Ia1U4KtIjAPPU7Wv1Sea,USVI29300001
More Than Words,Extreme,1990,1gVgkQFOKa8Wc1HYsJtPdH,USAM19090005
Hold Back The River,James Bay,2015,1KZyVnyptQcPzkx7ELCnZC,USUM71413733
I Wish It Would Rain Down - 2016 Remaster,Phil Collins,1989,4F2t297QK40XFcIHqkmLHs,USRH11602149
End Of The Road,Boyz II Men,1991,3l3xTXsUXeWlkPqzMs7mPD,USMO19200465
Freak Me,Silk,1992,5CdJveJgiGXoGwDFqF6afp,USEE10900542
The Night Chicago Died,Paper Lace,2008,4f4RRYN3R7glPElFjeoUnC,USA560805017
Unholy (feat. Kim Petras),"Sam Smith, Kim Petras",2022,3nqQXoyQOWXiESFLlDF1hG,GBUM72205415
Money For Nothing,Dire Straits,1985,4bO6DljpuAeQh6HS20i0I5,GBF088500674
In The Stars,Benson Boone,2024,315aBOUD3xtj7sUMXtRgMV,USWB12201574
If I Let You Go - Radio Edit,Westlife,2011,5eZcaAVCwEAmqP4b9cZAZf,GBARL9900044
Hey Baby,"No Doubt, Bounty Killer",2001,2QsoVMTKj5m5kgztTOep98,USIR10120513
Fading Like A Flower (Every Time You Leave),Roxette,1991,72M1VRh6Qyq6nOIABIPtVw,SEAMA9079030
Don't Start Now,Dua Lipa,2020,3PfIrDoz19wz7qK7tYeu62,GBAHT1901121
Yesterday,The Beatles Greatest Hits Performed By The Frank Berman Band,2010,76E0QcBrJSXr9wzAA8Xzgi,TCAAT1038327
Blinding Lights,The Weeknd,2020,0VjIjW4GlUZAMYd2vXMi3b,USUG11904206
Havana (feat. Young Thug),"Camila Cabello, Young Thug",2018,1rfofaqEpACxVEHIZBJe6W,USSM11706905
Please Please Please,Sabrina Carpenter,2024,5N3hjp1WNayUPZrA8kJmJP,USUM72404101
That Don't Impress Me Much,Shania Twain,1999,4I7DV3MIgxJGlObiy9s6nx,USMR19900016
Forever Young,Alphaville,1984,4S1VYqwfkLit9mKVY3MXoo,DEA629260150
Cosmic Girl - Remastered 2013,Jamiroquai,1996,6y0Etr2KJr0sdcEp7ajoUK,GBARL1201221
Crazy,Patsy Cline,2019,5UIq2zbapMbSU7Z2SEq8j0,USMC16147347
Just Another Day,Jon Secada,1992,5AoBNJQDXXEnIJGjJjZu3y,USSB29200100
Shut Up,Black Eyed Peas,2003,6diFcq4UcYDlBeRVqOCWY1,USIR10311895
You Give Me Something,James Morrison,2006,6bFsQ6yOp3z5mGNkhWP0P1,GBUM70600967
Belong Together,Mark Ambor,2024,5uQ7de4EWjb3rkcFxyEOpu,QM24S2400638
Love Letters In The Sand,Pat Boone,1993,1eqGYJJr2z2GXK1i0hD3BC,USMC15719947
Unpretty,TLC,1999,0EUhmjEAQApjjbss7S8h1F,USLF29900143
Overcome,Live,2001,1789Nv2WZXHDuhwdZ0jqHZ,USMC10111146
I'm Sorry,Brenda Lee,1960,4LJcNiq2pBb8OeqrGdBJQw,USMC16046423
Do You Really Want To Hurt Me,Culture Club,1982,1I6q6nwNjNgik1Qe8Oi0Y7,GBAAA8200048
Another Love,Tom Odell,2013,5E4jBLx4P0UBji68bBThSw,GBARL1300107
Leave Before You Love Me (with Jonas Brothers),"Marshmello, Jonas Brothers",2021,4qu63nuBpdn0qHUHuObEj1,USUG12102313
You Won't Find Another Fool Like Me,The New Seekers,1974,5K52YrogiliMuDnh8uYNOc,GBBPJ9800674
San Francisco (Be Sure to Wear Flowers in Your Hair) - Single Version,Scott McKenzie,1967,6vcNJUWtUPB0hKC6VbZriY,USSM16701024
Pass The Dutchie,Musical Youth,1994,1BkY0N8ChFk2mdLbAUu8ZK,GBBBY0300024
I'm Not In Love,10cc,2002,1A6Kwtsg3JWKU2KWM2udpM,GBF087500001
He'll Have to Go,Jim Reeves,1997,7DH5dXVuQaqcKf9oTy9oUN,USRN19500172
The Greatest,Sia,2016,6bLopGnirdrilrpdVB6Um1,USRC11601818
Rhinestone Cowboy,Glen Campbell,1987,7kUyEpjTz8Q1loiC1xlF07,USCN18600038
Yummy,Justin Bieber,2020,41L3O37CECZt3N7ziG2z7l,USUM71923046
Sex on Fire,Kings of Leon,2008,0ntQJM78wzOLVeCUAW7Y45,USRC10800300
The Promise You Made,Cock Robin,1985,1bWrJnsvHCo8vsXWaatWIs,USSM18500369
In the Air Tonight - 2015 Remaster,Phil Collins,1981,18AXbzPzBS8Y3AkgSxzJPb,USAT21502120
Make Me Smile (Come up and See Me) - 2014 Remaster,"Steve Harley, Steve Harley & Cockney Rebel",1975,2dpO3NteNWUDL2S9e0t0Mi,GBAYE1349972
Lose Control (feat. Ciara & Fat Man Scoop),"Missy Elliott, Ciara, Fatman Scoop",2005,0UaMYEvWZi0ZqiDOoHU3YI,USEE10414022
Carry You Home,Alex Warren,2024,5o0osRx8kYJTOqlOSggr9Z,USAT22403017
I Don't Want to Be,Gavin DeGraw,2003,4vl2zwXsTmAxgu9iY0g6UK,USJAY0300148
Itsy Bitsy Teeny Weeny Yellow Polka Dot Bikini,Brian Hyland,2021,2AP52g6U0MijxNHjlaB3Qa,AUXN22170778
Always,Bon Jovi,1994,2RChe0r2cMoyOvuKobZy44,USPR39412221
Paradise,Coldplay,2011,6nek1Nin9q48AVZcWs9e9D,GBAYE1101143
River Deep - Mountain High,Ike & Tina Turner,1966,44BmNSqH9uZV5OfIjGcER3,USAM10200063
Straight Up,Paula Abdul,1988,5xl5582IihbEZAnfj0xyso,USVI28800001
Rolling in the Deep,Adele,2011,4OSBTYWVwsQhGLF9NHvIbR,GBBKS1000335
About You Now,Sugababes,2007,1ctdfJSzp6qF2iDAVdDrfl,GBUM70706601
Ride Wit Me,"Nelly, City Spud",2000,3Gf5nttwcX9aaSQXRWidEZ,USUR10000183
Manchild,Neneh Cherry,1989,5tmkX2fJ7KUAnMz3W1ibEr,GBAAA8900001
Johnny B. Goode,Chuck Berry,1959,2QfiRTz5Yc8DdShCxG1tB2,USMC15719963
Stayin Alive,Bee Gees,2020,5ubvP9oKmxLUVq506fgLhk,USRH10721057
What a Fool Believes,The Doobie Brothers,1978,2yBVeksU2EtrPJbTu4ZslK,USWB10902441
Nothing's Gonna Change My Love For You,Glenn Medeiros,1986,1exLL81vN8mD55M9HMOt1t,USAR49914001
Wonderwall,Oasis,1995,1qPbGZqppFwLwcBC1JQ6Vr,GBAAW9500189
Un-Break My Heart,Toni Braxton,1996,5Ihd9HrPvOADyVoonH9ZjB,USLF29600015
"(I've Had) The Time of My Life - From ""Dirty Dancing"" Soundtrack","Bill Medley, Jennifer Warnes",2004,4BFMQ15vXr626UOoZL8bUI,USRC10300895
Mandy,Barry Manilow,1974,6iXQrhhgBisdfvS34EMTZ3,USAR17400164
Left Outside Alone,Anastacia,2004,3xl7PsO7Hzuig6To9FgDm6,USSM10400150
Summer Of '69,Bryan Adams,1984,0GONea6G2XdnHWjNZd6zt3,USAM18490006
Que sera mi vida,Gibson Brothers,2005,18QuuMKFKOBZPRtt2G2qBU,DEH840500590
The Tears Of A Clown,Smokey Robinson & The Miracles,1967,4Dq749x2QP6OXTURJ9GGY8,USMO17000525
Pump up the Volume,M/A/R/R/S,2011,60L8m3PCDp0cTytHjUe0qW,USWB11101673
Big Log,Robert Plant,2019,49sFew6AZ9ItgmIHCcabm0,USAT29901095
Back To You - From 13 Reasons Why – Season 2 Soundtrack,Selena Gomez,2018,4hQ6UGyWQIGJmHSo0J88JW,USUM71805992
Can't Feel My Face,The Weeknd,2015,22VdIZQfgXJea34mQxlt81,USUG11500741
Mr. Blue Sky,Electric Light Orchestra,1977,2RlgNHKcydI9sayD2Df2xp,USSM17200399
I Still Haven't Found What I'm Looking For,U2,1987,6wpGqhRvJGNNXwWlPmkMyO,GBUM70709783
Hot N Cold,Katy Perry,2008,0iGckQFyv6svOfAbAY9aWJ,USCA20802544
Goodbye,Spice Girls,2000,6ZNw9Cnc85OeHZrjMAZJfY,GBAAA9820805
Shy Guy,Diana King,1995,3ldG6XCLDXxWg1N6XhrSKo,USSM19400411
You Say,Lauren Daigle,2018,6Up545NUflOiXo8cEraH49,US8391800158
Witch Doctor,Cartoons,2005,5YZuePCawcrg0DJrWovPu7,GBAHT1322316
Come Back and Stay,Paul Young,2003,1RmgLVx1f90AuMnqRHZS5j,GBBBN8300003
Crazy In Love (feat. JAY-Z),"Beyoncé, JAŸ-Z",2003,5IVuqXILoxVWvWEPm82Jxr,USSM10305425
Boogie Nights - Single Version,Heatwave,1977,6tCe4Te0w9dtIDO68FpFUA,GBBBM7600003
Voulez-Vous,ABBA,1979,17OqI90oTFZ3J8PVu6j07V,SEAYD7901020
The Climb,Miley Cyrus,2009,0e9yNhxYfJul6sQ8Cizr1B,USWD10935758
Welcome To The Jungle,Guns N' Roses,1987,0G21yYKMZoHa30cYVi1iA8,USGF18714801
Volare (Nel Blu di Pinto di Blu),Gipsy Kings,1989,4OjJAGDDZTLlTNeOMBl7UM,GBAAW0202208
The Seed (2.0),"The Roots, Cody Chesnutt",2002,6HxweNytuEQdmGeVtZPZz3,USMC10201424
Georgia on My Mind,Ray Charles,2011,4DEAiNBvq5yBy7NzpVc02h,SEWDL6012012
Freedom! '90 - Remastered,George Michael,1998,4dT3qLUU6fFUmomLzk2cUA,GBARL1000907
Blowin' in the Wind,Bob Dylan,1963,18GiV1BaXzPVYpp9rmOg0E,USSM19900534
Untouched,The Veronicas,2005,40bm28QcJT5My540ymSQ2y,USWB10704602
9 to 5,Dolly Parton,1980,4w3tQBXhn5345eUXDGBWZG,USRN19400384
Rikki Don't Lose That Number,Steely Dan,1985,1DFdbWXLe4D2MHvBfIPQKQ,USMC17447196
Papa Loves Mambo,Perry Como,1975,62eAoNfrrS84177LOzJMQx,USRC15404658
Nightshift,Commodores,1995,5WfyQanwCqp5Qc6TkTfyoO,USUMG0000185
Rehab,Amy Winehouse,2006,3N4DI1vuTSX1tz7fa2NQZw,GBUM70603730
Tous les garçons et les filles,Françoise Hardy,2013,4PLRzGDnoCp7zQP2w6nwIY,DEPZ61004678
There You'll Be,Faith Hill,2001,5t2gSYVvBV9kH4t7Czertq,USWB10102953
Love Song,Sara Bareilles,2007,4E6cwWJWZw2zWf7VFbH7wf,USSM10700066
Ain't Got No / I Got Life,Nina Simone,2022,0p9kp28VdoiuIxgzkzhZLU,USRC16804194
"Independent Women, Pt. 1",Destiny's Child,2001,69XUpOpjzDKcfdxqZebGiI,USSM10013276
My Prerogative,Bobby Brown,1988,0v9kGNjkKdQUdDoBIuiph4,USMC18825732
Down Down,Status Quo,1975,5vVZaiK2mIL9WE1GWikOE6,GBF080080063
Nothing Compares 2 U,Sinéad O'Connor,1990,3nvuPQTw2zuFAVuLsC9IYQ,GBAYK9000017
Don't Leave Me This Way (with Sarah Jane Morris),"The Communards, Sarah Jane Morris",1986,0ire4j2mcGovF5JA1D2cTp,GBANP8600001
Problem,"Ariana Grande, Iggy Azalea",2014,7vS3Y0IKjde7Xg85LWIEdP,USUM71405403
Anything,3T,1995,2AtBXRPCZhtIqSGF5ap33B,USSM19500747
It's Alright - The Guvnor Mix,East 17,1992,0hiUOCWNdPefjaEAjcJ8Cq,GBAAP9300688
Payphone,"Maroon 5, Wiz Khalifa",2012,4P0osvTXoSYZZC2n8IFH3c,USUM71203347
I Can't Help Myself (I Love You I Want You),The Kelly Family,1996,7fbBhfx6KPy2pymlqIgqsa,DEC649600222
My Immortal,Evanescence,2003,4UzVcXufOhGUwF56HT7b8M,USWU30200104
Please Don't Go,KC & The Sunshine Band,1979,4zoZQvmST8gliv9S9L8lUw,GBAYE7900015
Lovefool,The Cardigans,1996,7aQjPecQdIuNd1sz3KCDhD,SEBKB9629380
Just A Little,Liberty X,2019,4W5RTgMacKQ42dloD2nAul,UKDNQ1543836
Stairway to Heaven - Remaster,Led Zeppelin,1971,5CQ30WqJwcep0pYcV4AMNc,USAT21300959
Should I Stay or Should I Go - Remastered,The Clash,1982,39shmbIHICJ2Wxnk1fPSdz,GBARL1200670
